{"cameraMode":{"drawMode":0,"name":"Shaded","section":"Shading Mode"},"sceneLighting":false,"audioPlay":false,"sceneViewState":{"showFog":true,"showMaterialUpdate":false,"showSkybox":false,"showFlares":true,"showImageEffects":true,"showParticleSystems":true},"in2DMode":false,"pivot":{"x":-0.0000026226043701171877,"y":0.4536345303058624,"z":-0.0000026226043701171877},"rotation":{"x":0.3912493586540222,"y":0.006901472806930542,"z":-0.0029350495897233488,"w":0.9202583432197571},"size":3.736325263977051,"orthographic":true}